title,image_link
Google Search Console,https://images.g2crowd.com/uploads/product/image/large_detail/large_detail_91458feb7dbeb0f5518a9006b475c574/google-search-console.jpg
Semrush,https://images.g2crowd.com/uploads/product/hd_favicon/13ad2b9b52245acda92fc7e0248eb25b/semrush.svg
Google Trends,https://images.g2crowd.com/uploads/product/image/large_detail/large_detail_91458feb7dbeb0f5518a9006b475c574/google-trends.jpg
SE Ranking,https://images.g2crowd.com/uploads/product/hd_favicon/1517588152/se-ranking.svg
BrightEdge,https://images.g2crowd.com/uploads/product/hd_favicon/1487565729/brightedge.svg
Similarweb,https://images.g2crowd.com/uploads/product/hd_favicon/17db76ab58f8016604b4da1b08e1d3b4/similarweb.svg
SEO PowerSuite,https://images.g2crowd.com/uploads/product/hd_favicon/512929d1e5f33885b1947cffe74e06d1/seo-powersuite.svg
Surfer,https://images.g2crowd.com/uploads/product/hd_favicon/cec0454ae600650cdad76608b8f51192/surfer-surfer.svg
RankIQ,https://images.g2crowd.com/uploads/product/hd_favicon/b388a9246d4f2ccc153bce59903f64ca/rankiq.svg
AccuRanker,https://images.g2crowd.com/uploads/product/hd_favicon/834e121bae03238869c5419d0345afe5/accuranker.svg
Moz Pro,https://images.g2crowd.com/uploads/product/hd_favicon/1487565593/moz-pro.svg
Ahrefs,https://images.g2crowd.com/uploads/product/hd_favicon/6c259e12117182021c9de8f80689d273/ahrefs.svg
Conductor,https://images.g2crowd.com/uploads/product/hd_favicon/e414488566c82ca0c30c0369aa444bd3/conductor.svg
Frase.io,https://images.g2crowd.com/uploads/product/hd_favicon/03adfa3dd85b0b4ebc4963a0a7a19f8b/frase-io.svg
Seobility,https://images.g2crowd.com/uploads/product/hd_favicon/567db30d4f310f556055f0d6c1e743b9/seobility.svg
Sitechecker,https://images.g2crowd.com/uploads/product/hd_favicon/e1afc16749f55ff971016df4d9d3f633/sitechecker.svg
AgencyAnalytics,https://images.g2crowd.com/uploads/product/hd_favicon/491ffc24550886572f36b0de7e64a082/agencyanalytics.svg
Yoast,https://images.g2crowd.com/uploads/product/image/large_detail/large_detail_a5738ffdf394be41a79aa474a6b2f5af/yoast-yoast.jpg
Bing Webmaster Tools,https://images.g2crowd.com/uploads/product/image/large_detail/large_detail_3e75d2633cbe4f46f3ea959cd367e02e/bing-webmaster-tools.jpg
ContentKing,https://images.g2crowd.com/uploads/product/hd_favicon/787c71c905b3e3ccf7d5a7ae65b5e866/contentking.svg
Seodity,https://images.g2crowd.com/uploads/product/hd_favicon/418cd21376ca6e66053c3e41ba3993b0/seodity.svg
Siteimprove,https://images.g2crowd.com/uploads/product/hd_favicon/031fb8ad1b83bb9e4cfe8b24a096818d/siteimprove.svg
LocaliQ,https://images.g2crowd.com/uploads/product/hd_favicon/069083f4b8b3549c8478d32c6707cdd6/localiq.svg
AIOSEO,https://images.g2crowd.com/uploads/product/image/large_detail/large_detail_a9d36c0cce56055a0a3294d6b831e20c/aioseo.jpg
Serpstat,https://images.g2crowd.com/uploads/product/hd_favicon/1491829471/serpstat.svg
SiteGuru,https://images.g2crowd.com/uploads/product/hd_favicon/261a9cadef92ca8e2462db95a7460dad/siteguru-siteguru.svg
Ubersuggest,https://images.g2crowd.com/uploads/product/image/large_detail/large_detail_934bd4159328bf62072354aeff2d43c0/ubersuggest.jpg
INK For All,https://images.g2crowd.com/uploads/product/hd_favicon/8680c3e88cc660968002a8f377050524/ink-for-all.svg
Mangools,https://images.g2crowd.com/uploads/product/image/large_detail/large_detail_7f448c086e52728006d42cff87bd1d91/mangools.png
Scalenut,https://images.g2crowd.com/uploads/product/hd_favicon/bc7db3db85d61590612485efa94a7d0c/scalenut.svg
